movieid,editorid
1672052,4702
1672111,174825
1672580,26927
1672580,113660
1672716,141760
1672946,124900
1673647,86399
1673658,102631
1673848,22440
1674388,167005
1674737,104214
1677011,122017
1677011,191168
1677258,34767
1677258,43523
1677346,31007
1677346,51218
1677516,32671
1677516,146558
1677631,108260
1678036,66367
1678036,123053
1678591,46156
1679029,180174
1679461,177569
1679507,28158
1679507,84350
1679507,194631
1679920,138001
1681633,167366
1681655,140462
1682657,80192
1682692,164362
1682746,104484
1682922,174432
1684201,157387
1684430,108302
1684430,149268
1684442,174279
1684486,185650
1684910,34567
1685241,17815
1685309,34560
1685405,191168
1685463,24668
1685493,62706
1685815,167020
1686071,14111
1686071,176062
1686209,14740
1687181,177569
1687544,121751
1687685,192479
1687730,108260
1687738,108294
1687738,131000
1687905,103550
1687905,130527
1688103,89495
1688565,79319
1689117,33207
1689183,140819
1689210,36094
1689263,139883
1689475,89495
1690318,20582
1690318,152487
1690377,164130
1690616,14858
1690616,19729
1690710,9318
1690710,173334
1690773,79319
1690958,114485
1691077,193878
1691387,106190
1691642,92443
1691685,59488
1691793,63878
1691793,118222
1692173,37632
1692404,142829
1692580,178840
1693225,90168
1693305,75949
1693341,118644
1693341,165691
1693345,174968
1693345,193930
1693346,95645
1693346,184513
1693346,193930
1693347,20288
1693347,62805
1693348,162800
1693348,193930
1693818,41359
1693861,79834
1693861,189820
1693880,37368
1693880,172166
1694141,81113
1694448,33919
1694647,155703
1694901,109600
1694901,193188
1695219,52917
1695219,95223
1695355,46201
1696148,12479
1696148,33919
1696165,46201
1696168,161786
1696396,191168
1696473,18052
1696496,15959
1696496,192479
1696789,130565
1696789,174464
1697037,193875
1697674,28158
1697690,20532
1697774,18426
1697856,174035
1698492,20582
1698547,112579
1698667,41113
1698944,201990
1698960,112672
1698972,35286
1699546,13334
1699546,30447
1699876,196902
1703410,56372
1703469,92749
1703588,123053
1703588,152487
1703679,177740
1703907,37368
1704569,201990
1704571,26286
1704577,162405
1704645,69482
1705196,99764
1705417,76836
1706079,122017
1706079,162404
1706140,95208
1706887,125989
1707277,174033
1707277,174035
1707941,147444
1708982,51442
1709238,174033
1709238,174035
1709892,71697
1709901,64454
1710609,185723
1710622,161177
1710622,185723
1710673,176606
1710994,77310
1711133,17398
1711133,59550
1711143,68030
1711145,59914
1711145,100644
1711175,58875
1711356,164814
1711383,79379
1711383,189820
1711384,92590
1711393,193067
1711393,196250
1711395,65052
1711398,196250
1712152,165462
1713183,141451
1713499,95729
1713755,28640
1714481,108294
1714481,151163
1714991,65221
1715025,151731
1715186,38270
1715186,149233
1715186,193175
1715253,162502
1715288,15497
1715380,162604
1715404,108260
1715607,66300
1715607,89817
1715793,118529
1716019,27708
1716019,47205
1716020,61920
1716411,80004
1716452,911
1716452,25445
1716452,28018
1716615,76638
1717077,33130
1717117,107379
1717144,88990
1717455,69574
1717455,85672
1717455,107148
1717910,17692
1717910,119203
1718318,83172
1718318,95029
1718342,155290
1718968,70847
1719502,97617
1720040,30261
1720040,32461
1720040,40195
1720443,73325
1721568,5561
1721568,69063
1721607,160106
1721750,26854
1721750,73652
1721750,167876
1721864,88418
1721864,126070
1721864,146298
1721888,73077
1721919,55999
1721919,108620
1721919,108645
1721967,69041
1721967,76638
1722098,45341
1722098,144193
1722164,129794
1722174,145388
1722181,148228
1722198,113151
1722327,42748
1722395,95292
1722617,109
1722761,89817
1722776,185807
1722777,133615
1723002,68957
1723002,104958
1723532,98729
1724000,33196
1724037,100748
1724179,123799
1724180,57215
1724190,26286
1724193,826
1724201,54578
1724413,69308
1724880,14139
1725774,122110
1726761,78115
1726761,179854
1726934,13740
1726934,183524
1727017,32270
1727082,107131
1727237,54578
1727237,151669
1727348,141760
1727413,131859
1727885,79467
1727885,92590
1728742,35952
1728802,73151
1728889,92053
1728948,33139
1729005,107424
1729026,73151
1729240,71966
1729260,46222
1729260,68821
1729569,73469
1729818,57737
1730566,48112
1730640,18414
1730836,174027
1730975,21279
1730975,155715
1731412,34677
1731505,72652
1731582,126070
1732344,108223
1732344,150121
1732496,193301
1732658,104836
1732658,132120
1732658,159242
1732658,191259
1732858,170448
1733111,49283
1733479,60206
1733479,69041
1733479,127477
1733566,73706
1733566,78934
1734162,68821
1734321,136003
1734369,49283
1734803,89817
1735791,135081
1736211,23510
1736268,66261
1736268,102404
1736268,161534
1736362,73706
1736362,78934
1736362,145295
1736592,11628
1736592,127472
1736592,147896
1736794,105093
1737340,112233
1737713,102538
1737713,171698
1737766,126140
1738481,113660
1739234,156331
1739234,182026
1740732,76387
1740732,168258
1740752,88778
1740752,113660
1740811,27628
1741487,187571
1741682,124177
1742509,10897
1743028,41770
1743689,111415
1743852,97616
1744178,112653
1744391,201881
1744809,80100
1744809,129923
1744811,129923
1744811,144086
1745373,40987
1745373,42694
1745373,73959
1745373,169456
1745406,199557
1745530,17692
1745530,162887
1746382,41179
1746382,69041
1746829,49746
1746829,161710
1747382,143462
1747382,179685
1747494,92590
1747545,72084
1747649,150314
1747899,139938
1748196,39509
1748196,59854
1748219,59854
1748219,169100
1748315,88746
1748315,180059
1748317,173080
1748754,34560
1748996,21122
1748996,170192
1749026,85565
1749222,75403
1749247,191726
1749438,34190
1749683,149236
1749731,92749
1749731,162404
1749735,92749
1749735,162404
1749737,92749
1749737,162404
1749806,191804
1749891,73706
1749891,78934
1750364,191057
1750424,137701
1750510,98729
1750660,149683
1750728,133449
1750816,85238
1750816,164710
1751059,137303
1751071,52917
1751872,13254
1753266,50392
1753266,53047
1753266,57215
1753400,144125
1753578,90017
1753578,155715
1753695,80048
1753837,159328
1753860,60599
1754754,7678
1754754,59813
1754754,111047
1754799,162185
1754884,120316
1755112,179854
1755524,109600
1755813,57231
1756051,73077
1756391,101981
1756768,185807
1756902,14337
1756980,71697
1757342,174432
1757342,189820
1757347,108260
1757367,174432
1757367,189820
1757378,8660
1757378,102404
1757423,20933
1757465,158983
1757485,62628
1757698,81048
1757698,85561
1757893,157503
1758767,145075
1758856,17537
1759189,92443
1759448,129923
1759573,197791
1759654,97721
1759685,53727
1759851,27555
1759851,196720
1759983,65722
1759983,92164
1759983,101906
1760306,98729
1760306,153515
1760386,192188
1760449,17537
1760586,165828
1760586,193861
1760752,98729
1760876,804
1760927,140462
1760978,62980
1762161,51351
1762174,202425
1762229,201990
1762644,183579
1762654,130037
1762853,75692
1763019,104013
1763083,91946
1763083,106535
1763465,18739
1763465,48916
1763465,197391
1763653,156249
1763877,164593
1763883,181329
1763910,106535
1763974,107924
1764861,146948
1765082,95137
1765108,183579
1765164,103550
1765347,108309
1765652,186980
1765787,167879
1765789,199720
1765789,201993
1765811,9819
1765827,68030
1766407,13186
1766427,67916
1766668,193318
1766849,41394
1767110,194390
1767151,20417
1767537,135997
1768389,42580
1768389,183514
1768698,111847
1769145,75206
1769408,67916
1769516,144655
1769516,153239
1769766,15497
1769766,68821
1769840,51442
1770285,122815
1770285,192479
1770285,192602
1770807,54812
1770807,130634
1771528,65072
1771528,197791
1771672,16819
1771673,15346
1772092,69063
1772497,1006
1772497,190381
1772500,126070
1772500,146298
1772651,73151
1772934,146180
1773358,42289
1773436,136274
1773944,168493
1774349,129923
1774349,143653
1775245,2303
1775382,134279
1775747,173080
1775854,42482
1776052,156786
1776063,129004
1776063,149233
1776173,79479
1776173,113191
1776338,42053
1776338,161296
1776407,21638
1776556,69073
1776556,81589
1776732,76638
1776893,140718
1777297,165691
1777374,102643
1777932,69574
1778025,155143
1778025,168864
1778258,34063
1778258,34065
1778258,195562
1778411,34334
1778413,87731
1778413,168128
1778514,73766
1778514,198314
1778536,27506
1778697,97616
1778697,186740
1778699,164362
1779176,194108
1779201,33356
1779349,100114
1779349,155703
1779361,154840
1779474,126141
1779528,51351
1779735,100114
1779757,183982
1779835,48788
1779868,179854
1780022,13186
1780595,32671
1780992,150762
1781241,106535
1781274,149683
1781295,164210
1781303,149683
1781518,152798
1781597,140395
1781603,43063
1783029,3039
1783282,181591
1783500,28158
1783500,85040
1783500,192918
1783641,125142
1783685,69063
1783892,108263
1784129,317
1784206,170478
1784275,130037
1784416,155715
1784877,125714
1785170,173056
1785251,174033
1785251,174034
1785265,78119
1785265,88568
1785529,139710
1785755,56302
1786099,182571
1786124,68344
1786124,140462
1786136,35024
1786136,127690
1786136,181880
1786136,195358
1786183,154685
1786236,122110
1786413,18977
1786413,49262
1786566,164710
1786921,51351
1787090,155716
1787149,47673
1787428,87300
1787511,170191
1787525,51442
1787603,161895
1787911,149958
1788154,80004
1788165,52917
1788165,83714
1788314,119826
1788621,21271
1788621,198933
1788624,92687
1788628,180174
1788636,1008
1788636,90458
1788817,74645
1789015,106535
1789145,17692
1789259,162891
1789269,79478
1789511,145370
1789692,113660
1789747,121461
1789910,33516
1789910,201990
1790007,83172
1790007,122815
1790007,198813
1790082,37045
1790311,56045
1790311,125714
1790523,37368
1790523,193435
1790530,2552
1790530,50771
1790753,180776
1790780,11126
1790780,97618
1790780,175665
1790984,189653
1791085,199720
1792102,78119
1792218,70020
1792281,63662
1792349,166188
1792363,134274
1792363,197130
1792523,87537
1792625,33516
1792713,161296
1792713,182571
1793297,103550
1793297,193916
1793433,57737
1793451,126140
1793604,88568
1793604,193352
1794215,146604
1794255,174033
1794255,174035
1794772,189820
1795157,2303
1795427,80192
1795427,92749
1795427,109241
1795631,151238
1795698,81589
1795698,120957
1795997,191205
1796704,18414
1796731,12567
1797310,152201
1797365,10156
1797386,13576
1797386,40520
1798275,21122
1798372,144086
1798632,28020
1799339,21279
1799603,185264
1801311,85040
1801574,14337
1801574,173395
1801936,18065
1802055,147656
1802058,91327
1802287,120174
1802676,182389
1802677,162891
1803115,74645
1803357,94157
1803905,159068
1803921,110782
1804232,17735
1804232,137429
1804427,115575
1804427,164854
1804484,120893
1804484,202094
1804630,133615
1804779,158983
1804898,42008
1804898,137200
1804898,175648
1804923,63723
1804923,125918
1804924,41392
1804924,125918
1804925,32907
1804947,62792
1805163,100748
1805163,151163
1805225,79376
1805246,26612
1805273,1946
1805799,113657
1806151,162891
1806217,89817
1806794,130037
1806845,26009
1806845,82272
1806845,82613
1806896,193435
1806914,35502
1807303,80100
1807444,123799
1807562,23361
1807604,18975
1807863,33075
1808298,197791
1808524,126140
1808813,42053
1809047,5561
1809149,99422
1809149,149024
1809197,138312
1809431,10897
1809724,71710
1809864,159856
1809984,21638
1809984,79834
1809984,162404
1809984,174432
1809998,155763
1810092,78898
1811626,33207
1811722,149233
1812202,118494
1812255,57688
1812339,155238
1812339,191043
1812450,191057
1812490,126362
1812490,170315
1813663,2333
1815267,58868
1815267,138488
1815267,171377
1815901,141504
1815901,192601
1815914,192601
1815915,191617
1815915,192602
1816153,60206
1816171,92749
1816175,201629
1816176,140395
1816182,191864
1816238,114485
1816379,145134
1816691,133615
1816742,179854
1817535,65575
1817535,174588
1817535,176408
1817898,155772
1818342,156249
1818562,69041
1818562,174485
1819155,15346
1819411,30382
1819411,89839
1819411,98997
1819870,84914
1820147,32126
1820288,73332
1820400,72989
1821008,89495
1821229,135997
1821599,197471
1821619,180001
1821739,21122
1821739,88568
1821769,30447
1821769,131138
1821807,4702
1821807,122502
1821852,95223
1821917,35593
1822415,104635
1822607,46606
1822607,137701
1822639,120957
1822639,122290
1822675,72500
1823008,159079
1823101,129794
1823223,183514
1823361,126362
1823361,170315
1823486,185807
1823740,144125
1823753,122842
1823865,89817
1824605,155980
1824615,21122
1824615,72498
1824623,31577
1824685,101732
1824685,188803
1824923,149287
1824923,165466
1824929,18538
1825343,73706
1825343,78934
1825348,192479
1826286,11676
1826962,168864
1827008,80048
1827008,131859
1827432,21122
1827800,73151
1828055,826
1828413,180230
1828447,201990
1828716,85040
1829152,159116
1829153,170343
1829283,18114
1829283,31866
1829882,102404
1829882,122815
1829882,161534
1830096,133449
1830116,40028
1830497,91464
1830497,142829
1830509,91803
1830509,110975
1830531,21040
1830564,183579
1831084,33857
1831363,58556
1831363,85561
1831593,174817
1831593,185807
1831790,162404
1831904,174157
1832668,193118
1832720,105691
1832832,133615
1832852,68821
1832872,66310
1832956,118222
1833143,156293
1833143,161786
1833175,33207
1833175,76638
1833995,140462
1834154,12026
1834154,89223
1834154,162042
1834266,12573
1834632,3090
1835117,199366
1835175,12573
1835296,146207
1835442,155716
1835618,5561
1835618,22119
1836147,66300
1836375,140883
1836516,159944
1836984,81749
1836984,88568
1837323,51921
1837340,92687
1837467,23182
1837467,79376
1837467,155078
1837467,172679
1837469,193175
1837764,198915
1837962,126140
1837991,67913
1838160,102404
1838360,177201
1838411,200918
1838481,174825
1838568,49537
1838619,22119
1838773,51351
1838773,88788
1838773,101981
1838773,179079
1838850,64073
1839137,76231
1839311,59504
1839442,106721
1839754,76775
1840524,159918
1840882,183514
1841896,67780
1842301,193429
1842580,15959
1842584,20862
1842584,108309
1842584,150864
1842584,185807
1842584,197391
1843039,18052
1843756,106190
1843756,164210
1843757,73076
1843757,109252
1844312,48145
1844854,45634
1844997,94581
1845075,183930
1846390,22481
1846990,60206
1846990,161786
1847035,197470
1847048,71710
1847048,174115
1847051,95729
1847080,81755
1847080,115246
1847080,144924
1847080,183514
1847235,46201
1847595,33919
1847595,155716
1847692,149683
1847699,76775
1847722,7728
1847739,154840
1848628,23510
1848628,79379
1848628,170192
1848859,87963
1849147,79834
1849156,125575
1850182,131464
1851750,32270
1851871,10897
1852854,75206
1852976,182124
1853052,24408
1853052,27208
1853104,89824
1853531,161672
1854045,4234
1854142,193352
1854166,88568
1854166,102404
1854166,108309
1854166,183982
1854166,191259
1854166,193352
1854233,804
1854918,110718
1856252,14481
1856325,58875
1856595,147444
1856608,32671
1856608,82065
1856613,31577
1856672,123786
1856727,4702
1856731,102403
1856763,159944
1857326,51087
1857496,177571
1857769,129923
1857796,95294
1858038,162404
1858357,69482
1858361,197298
1858362,103204
1858363,164828
1858363,197298
1858364,148579
1858396,42289
1858463,181470
1859092,102403
1859351,126140
1859542,20862
1859542,146298
1859542,185807
1859617,32789
1859617,155703
1859753,48359
1859753,198813
1860181,56302
1860327,199349
1860806,162604
1861004,145733
1861112,59281
1861202,12872
1861202,70086
1861514,9145
1862412,165935
1864055,146180
1864846,164596
1866000,62980
1866000,146180
1866391,32270
1866400,94938
1866400,197326
1868310,37020
1868310,39008
1868310,62579
1868312,80004
1868452,66470
1868890,154143
1869010,140462
1869092,124044
1869304,66466
1869461,49537
1869771,191731
1870038,153028
1870151,66261
1870151,162185
1870221,19729
1870221,88778
1870221,166134
1870751,179348
1870751,179540
1870798,8225
1871727,106535
1871833,54736
1872091,15158
1872091,133449
1872587,66367
1872662,113660
1873263,10897
1874279,106190
1874279,185807
1874284,9145
1874284,55701
1874295,198813
1875013,48287
1875013,99155
1875764,154791
1875962,128841
1878227,65502
1878537,61648
1878669,59900
1878669,146508
1879298,106018
1879358,8263
1879599,141451
1879793,53926
1880202,59045
1880648,57737
1880846,106018
1881802,125545
1881868,145788
1881868,200484
1883153,22119
1883527,12987
1883527,58556
1883528,180174
1883660,161209
1883995,3039
1884087,23361
1884087,35940
1884286,126362
1884286,170315
1885039,192479
1885177,200825
1885734,64454
1886005,75206
1886005,200426
1886830,109737
1887066,69308
1888102,56096
1888780,68030
1888823,192479
1889009,137429
1889253,34168
1889253,63406
1889491,4702
1889491,122502
1889579,107424
1889621,151742
1889788,156293
1889850,124225
1889850,151543
1890357,82738
1890437,75167
1890515,28018
1890516,103910
1890522,67913
1890522,161534
1890522,170448
1890588,193916
1890829,4234
1891484,50300
1891605,59973
1891605,81470
1891649,102526
1891803,105806
1892010,73077
1892794,136423
1892991,192479
1893207,75206
1893210,34024
1893210,73469
1893245,126070
1893343,139710
1893483,12005
1893483,33516
1893657,197130
1894338,175083
1894453,21638
1894753,69041
1895102,69063
1895286,64454
1895298,30382
1895298,89839
1895298,178508
1895425,144086
1895463,30382
1895463,198103
1896345,22481
1896345,145865
1896980,85565
1897539,115575
1897778,106535
1898323,100437
1898372,172399
1898449,138228
1898539,113657
1898779,150443
1898779,155290
1898779,165691
1898814,26014
1898834,124225
1898971,22406
1899474,150017
1899694,100114
1899694,122215
1899730,102404
1899741,114424
1899769,73077
1899880,11974
1900069,13642
1900319,73706
1900319,78934
1900465,73076
1900465,73077
1901554,27281
1903954,161186
1904083,64733
1904548,66982
1904704,43387
1906242,57827
1907821,154143
1910848,180001
1911817,16040
1912439,42482
1912439,73427
1913354,191464
1913703,30261
1914108,43000
1914108,167493
1914192,156323
1915247,3042
1915291,92290
1915291,164210
1915498,71013
1915498,92435
1915861,95029
1915861,135997
1915987,102404
1916996,57737
1916996,156539
1917129,149233
1918307,183982
1918312,109470
1918615,33857
1919846,192602
1919853,148439
1919898,156249
1919947,173080
1920973,162604
1921463,120316
1922080,166818
1922571,78119
1923001,167318
1923072,33516
1923072,187225
1923165,82814
1923244,18414
1923287,89190
1923531,74853
1923821,126140
1923955,136785
1923981,2333
1924384,73151
1924700,26014
1924700,120537
1924755,152798
1924959,9145
1924959,20862
1924959,146298
1924959,174817
1924959,185807
1925337,56302
1925449,145733
1925477,167020
1925610,167057
1926507,165691
1926668,33919
1926854,80716
1926866,16819
1927003,61549
1927021,89817
1927338,149233
1927339,107410
1927950,92435
1927950,191057
1928609,56302
1928609,92435
1928609,191057
1928755,37046
1928940,170448
1929146,97767
1929151,202054
1929205,130527
1929262,88778
1929431,79376
1929514,26009
1929514,85141
1929514,169969
1930227,196250
1930572,162404
1930572,164814
1930730,84114
1930810,3961
1930810,59550
1930810,68644
1930810,139284
1930810,143686
1930942,127759
1931213,73706
1931213,78934
1931235,197931
1931489,34063
1931489,34065
1931497,72084
1931607,194348
1932160,86697
1932207,24071
1932207,162352
1932235,120965
1932389,14481
1932389,89817
1932393,201990
1932451,123786
1932451,128283
1932817,193435
1932819,14858
1932819,156293
1932958,21279
1932958,89824
1933191,201535
1933254,124463
1933459,21036
1933552,191464
1933599,81096
1933633,4702
1933633,122502
1933633,170343
1933702,197105
1933830,160106
1934075,76962
1934075,131859
1934075,191804
1934406,167020
1934787,33516
1934787,183964
1935106,139938
1935417,79376
1935619,202711
1936069,180898
1936394,37462
1936478,64556
1936800,76037
1938005,10848
1938142,33904
1938743,202054
1939369,55701
1939525,28216
1939525,35502
1939666,197105
1939754,149236
1939754,159944
1939762,80048
1939775,115180
1939900,30485
1940096,92749
1940121,127477
1940174,109614
1941011,111415
1941100,80454
1941100,166542
1941902,127030
1941902,169969
1942017,22481
1942058,174432
1942083,71462
1942083,132109
1942223,66367
1942296,74736
1942299,74736
1942625,67916
1942758,145869
1942787,73325
1942828,179854
1942898,149487
1943470,155763
1943470,174485
1943586,35593
1943718,170448
1943961,131626
1944457,175081
1944510,76221
1944510,131988
1944862,29531
1944862,41209
1944905,18414
1945150,79376
1945248,96563
1945371,65883
1945579,12479
1945579,33919
1945589,122017
1945700,44223
1945816,106187
1945816,182144
1945855,70155
1946023,164593
1946107,156642
1946327,193435
1946379,144995
1946397,164504
1946463,198209
1946562,172399
1946595,80415
1946833,144086
1946963,15497
1947355,162404
1948277,67313
1948277,110975
1948277,120185
1948277,154143
1948340,69308
1948561,84203
1949144,198813
1949444,26137
1949502,96211
1949508,113151
1949526,39097
1949624,58411
1950286,192188
1950466,73469
1950577,120870
1950688,22440
1950689,22481
1950689,146298
1950690,67313
1950946,189820
1951003,81749
1951279,83172
1951390,89495
1951397,155703
1951417,46897
1951417,115115
1951417,178405
1951428,74614
1951931,28158
1951984,59344
1951988,38893
1951989,79479
1951990,133122
1951990,158414
1951990,201629
1951991,122815
1951991,146173
1951993,68821
1952001,67263
1952001,107148
1952054,129923
1952201,103581
1952386,15497
1952391,28640
1952490,188843
1952676,98799
1952847,154143
1952923,109600
1953106,82738
1953354,34560
1953362,148835
1955153,82814
1955231,202382
1955340,8582
1955728,191804
1955747,20121
1955750,76638
1957184,161497
1957472,111591
1958267,201990
1959117,17398
1959300,148439
1960531,197391
1960768,32671
1961185,91994
1961185,120473
1962315,161876
1963417,18414
1963417,137701
1963479,95208
1963756,42289
1963794,6671
1963794,41058
1963794,41076
1964069,57249
1964069,132003
1964073,184150
1964074,69041
1964209,189653
1964242,122017
1964242,197685
1964339,159066
1964467,132109
1964503,73077
1965214,127477
1965236,17240
1965236,89824
1965261,147444
1965516,26014
1965516,89824
1965632,103550
1965850,81113
1965850,101918
1966241,54578
1966349,130037
1966580,31429
1966580,199726
1966583,31421
1966583,31429
1967074,144125
1967290,80410
1967379,180001
1967389,184537
1967955,72721
1967955,118229
1968813,161497
1969187,161939
1969197,170192
1969753,177201
1969851,155716
1969868,26512
1970159,122842
1970215,183932
1970300,191205
1970505,4570
1970505,156242
1970696,149224
1971093,91327
1971149,4234
1971149,167655
1971464,175083
1971706,178237
1971707,98704
1971712,134333
1971929,24740
1972108,110701
1972287,149233
1972324,82738
1972807,80048
1972854,103551
1973432,106018
1973625,161497
1973808,174035
1973922,98947
1973922,162891
1974272,59307
1974272,75148
1974519,70155
1974724,20264
1974984,89126
1975181,98947
1975181,155763
1975181,162891
1975609,106535
1975664,165427
1976109,67516
1976319,59652
1976454,70028
1976454,125545
1976610,24163
1976612,24163
1976643,169969
1976777,193878
1977589,79379
1977592,15497
1977857,95834
1978263,74825
1978309,14324
1978312,124463
1978415,78119
1978778,20532
1978778,57064
1978778,193352
1978782,95836
1979111,60287
1979447,88568
1979839,108088
1979883,47193
1980149,117252
1980149,174481
1980267,114424
1980412,73706
1980412,78934
1981072,47193
1981170,112233
1981506,4643
1982133,143961
1982903,17537
1982903,191804
1983455,73469
1983455,154618
1983617,31419
1983617,54857
1983617,178213
1983859,201990
1984278,18975
1984278,191624
1984283,33516
1984284,20300
1984284,180239
1984305,109252
1984320,66261
1984320,162887
1984323,124816
1984372,21271
1984593,18342
1984763,37605
1984785,113191
1984792,54300
1984793,17735
1985138,94738
1985138,134195
1985443,106190
1985576,16166
1985642,58522
1985755,124177
1985793,58522
1986482,136274
1986845,67916
1986845,124875
1986848,11827
1987088,64623
1987126,23361
1987387,74335
1987547,40892
1987547,79376
1987547,83171
1987607,127472
1988142,108738
1988142,155380
1988380,161364
1988380,192601
1988448,31577
1988626,26014
1988834,4123
1988919,41556
1989616,69063
1989826,31330
1990705,22119
1990862,43107
1991064,122110
1991115,16040
1991269,11029
1991544,191804
1991646,56302
1991707,22440
1991951,37368
1991969,133615
1992100,95223
1992100,114493
1992217,23182
1992217,66300
1992217,79834
1992217,154840
1992315,80410
1992335,21036
1992335,120185
1992344,35825
1992374,88568
1992374,201990
1992459,163927
1992478,174035
1992502,164710
1992538,150846
1992600,106796
1992600,112567
1992600,183872
1992682,136449
1992774,101862
1993553,31589
1993850,45813
1993913,173252
1994073,113191
1994073,148607
1994279,156301
1994414,113191
1994414,148607
1994418,32754
1994418,78555
1994419,21271
1994419,42748
1994419,145865
1994580,189100
1995071,73325
1995121,20264
1995178,110975
1995179,91803
1996222,21040
1996223,192188
1996227,192188
1996275,56229
1996275,76442
1996365,39005
1996544,59302
1998427,182120
1998427,184865
1998849,164204
1998864,45027
1999026,48371
1999095,7728
1999210,196205
1999241,193435
1999308,177486
1999581,26612
1999623,80716
1999628,100753
1999634,17537
1999634,42748
1999634,55701
1999634,68344
1999634,95645
1999634,137534
1999986,191804
2000130,182124
2001271,75747
2002121,5994
2002121,10897
2002121,115575
2002121,143628
2002500,81589
2003554,14481
2003869,177925
2004240,79579
2004435,66261
2004435,189277
2004444,199058
2005166,167005
2005202,86663
2005242,180001
2005280,39488
2005459,67690
2005467,67690
2005469,26286
2005469,68821
2005469,150687
2005550,170448
2005656,155658
2005831,95223
2006016,85040
2006320,14481
2006320,174485
2006322,166188
2006660,79467
2006660,174485
2006702,174485
2006796,111847
2006992,175493
2007256,92749
2007295,150121
2007295,157715
2007305,89817
2007465,75629
2007465,85885
2007465,115172
2007522,133449
2007673,31488
2008297,42787
2009281,42248
2009507,26286
2010080,127578
2010339,95645
2010351,155290
2010417,131081
2010432,192918
2010439,67263
2010442,191726
2010567,162809
2010591,25449
2010811,106717
2010812,1171
2010861,164210
2011220,33196
2011327,189100
2011538,19729
2011835,200426
2012189,16040
2012308,54812
2012308,130634
2012468,30261
2012468,197931
2012474,113151
2012514,18975
2013180,20121
2013370,39519
2013847,124828
2014240,31429
2014741,48145
2014806,181591
2014847,80004
2014992,95223
2014992,103550
2014992,147656
2015145,168909
2015664,145388
2015664,201162
2016321,84114
2016990,54736
2017211,180898
2017357,16211
2017615,122815
2017696,59045
2018026,14858
2018026,79376
2018026,127477
2018109,41312
2018119,90714
2018220,6080
2018491,23055
2018562,149487
2018570,16769
2018634,145869
2019104,151109
2019186,47193
2019328,18617
2019451,2135
2020617,165046
2020780,20582
2020812,113660
2020856,69482
2021095,116902
2021095,136799
2021095,173395
2021329,121438
2021560,16040
2023079,5484
2023205,174115
2023228,152798
2023565,68093
2023785,65487
2024562,26911
2024833,2135
2024833,10156
2025172,5994
2025742,132504
2026315,10156
2026315,59281
2026671,5994
2027057,109911
2027469,159078
2027949,161824
2028072,68344
2028072,175730
2028079,14337
2028238,162745
2029309,147656
2029381,128704
2029975,73706
2029975,89495
2030303,101981
2030427,12872
2030427,167363
2030641,191464
2030843,133512
2031233,175064
2031463,35952
2032104,22440
2032173,54300
2032270,143677
2032626,7131
2032743,33857
2032839,192602
2032879,73151
2033355,146180
2033854,126070
2034091,83172
2034166,21036
2034409,80294
2034464,89817
2034464,108620
2034473,89817
2034473,108620
2034705,163403
2034705,197163
2035079,59281
2035238,87525
2035238,110975
2035238,200227
2035535,95642
2037379,202789
2037451,34025
2037451,69041
2037451,131859
2037640,58875
2037667,167575
2038091,155715
2038757,7728
2038757,187304
2038910,45027
2039701,50731
2039774,108260
2040205,104065
2040689,112233
2040763,69406
2040764,191706
2040765,192545
2041945,111847
2042409,181217
2042414,73469
2042414,103365
2042414,108309
2042417,193188
2042450,70011
2042462,111847
2042532,75747
2042748,18414
2043167,190381
2043588,81113
2043628,114462
2044667,147072
2044913,83172
2044913,161497
2044952,36362
2044952,65883
2045231,191464
2045245,111847
2045328,88778
2045876,120185
2046051,22293
2046161,78254
2046389,11472
2046389,23510
2046586,33596
2046586,90458
2046667,91189
2046902,168493
2047096,73198
2047331,193301
2047593,174968
2047641,113191
2048384,68821
2048413,124044
2048611,178297
2048619,55999
2048622,144924
2048622,162404
2048622,183514
2048624,50572
2048624,153162
2049321,18052
2049321,37140
2049321,42289
2049321,91890
2049321,100755
2049321,102036
2049321,165236
2049438,112095
2049814,107924
2049814,113151
2049822,168083
2050120,23510
2050380,173252
2050532,83172
2050532,125714
2050561,95137
2051069,104836
2051069,140883
2052306,147444
2052559,201795
2052620,15497
2052620,77131
2052620,193916
2053107,100433
2053384,51442
2053502,107424
2053502,122682
2053508,59045
2054459,159944
2054549,56192
2054579,74614
2054984,172014
2056719,191205
2056752,92749
2056752,110547
2056849,194108
2056919,119962
2057285,137269
2057507,19373
2057709,202711
2057859,40028
2057973,66261
2058247,174485
2058289,144125
2058442,21279
2058442,89824
2058644,129886
2058680,89817
2058733,164814
2058950,4702
2058950,122502
2062622,82814
2062958,17735
2064107,140883
2064709,96350
2065922,143773
2065922,190502
2065922,197158
2066931,10520
2066931,69819
2066931,97968
2067104,118750
2067104,143977
2067595,198737
2067764,26286
2068023,150017
2068316,89495
2069192,54736
2069265,12479
2069265,32907
2069265,122110
2069717,161396
2070201,14337
2070230,64521
2070468,175064
2070548,179854
2070614,35940
2070622,56375
2070622,63583
2070622,66218
2070622,66315
2070627,82861
2070880,158983
2071313,157503
2071566,98184
2071578,63723
2071800,79126
2071915,17815
2072508,31016
2072510,197391
2072519,35838
2072728,149683
2072804,171069
2073054,69063
2073156,90354
2073938,72721
2074015,140462
2074067,122502
2074067,155763
2074067,174035
2074106,145195
2074106,154379
2074106,175175
2074187,56302
2074632,50497
2075122,104214
2075324,23182
2075324,155078
2075452,77234
2075452,111555
2075452,159604
2075554,67843
2076744,56797
2077306,127030
2077306,135640
2077306,188737
2078652,59813
2078652,191743
2078857,69041
2079361,144086
2079616,36081
2080444,146298
2080719,162891
2081397,7520
2081397,52522
2082589,128499
2082758,89907
2084764,71523
2085383,54065
2085434,43000
2086876,108053
2086876,108162
2087502,146953
2087693,10848
2088076,80716
2088141,74736
2088412,21638
2088412,89824
2091188,132504
2091255,162604
2091405,149360
2092032,54065
2092629,197597
2093179,140128
2093616,30893
2093617,72084
2093759,158983
2094426,120473
2094426,142720
2094455,82431
2094455,105419
2094455,150699
2094683,100753
2094747,91120
2094747,174491
2094854,110718
2095261,49410
2095261,165046
2095288,146953
2095320,154076
2095320,157139
2096283,165046
2096794,24839
2096794,30707
2096794,150699
2096850,97879
2097603,60853
2097722,29109
2097722,129981
2098630,6522
2098630,51248
2098630,74875
2098630,109690
2099040,47702
2099471,71710
2099471,189039
2100174,168388
2100901,19621
2100911,29643
2100911,83899
2100911,187519
2102238,65221
2102302,92769
2102312,188676
2102344,35118
2102540,136725
2103144,70155
2103526,39635
2103866,72989
2103955,125899
2103975,9145
2104410,75206
2104410,79376
2104759,136725
2105754,104635
2106723,127302
2106899,122815
2106940,74736
2106940,198813
2107118,17398
2107343,41076
2107404,24413
2107497,161993
2107634,85565
2107847,1617
2107847,89839
2107847,198164
2107847,198933
2107892,49443
2107892,49447
2108364,172497
2108654,107131
2109065,46201
2109077,14481
2109077,67263
2109077,123053
2109093,33857
2110112,188803
2110128,99578
2110973,44389
2111069,28973
2111847,95292
2111960,10897
2112240,42289
2112346,116209
2112512,126689
2112512,155998
2112515,18052
2113512,70847
2113512,99894
2113531,104278
2113595,29196
2114355,114519
2114355,127122
2114355,194139
2114635,41830
2115171,30893
2115628,41830
2116072,82861
2116658,163562
2116736,76638
2116855,170258
2117546,49779
2117546,163249
2117637,149233
2117874,155716
2119117,180509
2119264,16079
2119409,19373
2119409,141662
2119425,147072
2120136,19526
2120569,18523
2120569,157585
2121501,18040
2121565,109358
2121785,12567
2121889,36932
2121889,179760
2122177,200484
2122231,174157
2122271,65221
2122764,91992
2122788,65221
2123712,194789
2124042,172247
2124042,197391
2124260,77442
2124260,136667
2124355,9145
2124357,9145
2124358,22481
2124358,41179
2124359,146298
2124359,174817
2124359,175357
2124359,185807
2125443,201990
2125639,106018
2125784,70155
2126243,23383
2126772,23361
2127239,47673
2127402,103550
2127563,172399
2127575,70155
2127843,21279
2127886,174458
2127926,26009
2127926,161296
2128046,22440
2128569,170343
2128890,161422
2128957,84106
2130340,85040
2130342,3039
2130468,161497
2130504,23361
2130504,95137
2130832,92812
2130889,36552
2131017,165462
2131031,74614
2131225,89495
2131334,51351
2131430,12573
2131675,79126
2131729,11827
2131729,144995
2131729,167057
2132235,69308
2132235,95223
2132367,35286
2132367,182571
2133245,64767
2133276,69063
2133416,20264
2133500,81726
2133798,199091
2134027,18555
2134055,75167
2134058,21036
2134058,124177
2134388,161422
2134453,11270
2134924,31429
2135675,4699
2135675,11741
2135675,23182
2135675,155838
2136104,12104
2136125,21832
2136125,54769
2136125,108576
2136535,2532
2137901,24020
2137905,31577
2137970,155763
2138073,30441
2138073,159328
2138292,177244
2138299,75747
2138299,121751
2138727,108260
2139026,72470
2139396,167318
2139407,10519
2139438,5619
2139545,88568
2139928,51085
2139928,133163
2140029,151163
2140049,65905
2140074,81749
2140461,74074
2140530,26512
2140712,95268
2140806,79479
2140806,90017
2140806,155715
2140811,167020
2140922,159211
2140999,48359
2141139,166283
2141230,8275
2141230,161672
2141393,166041
2141461,54281
2141461,54300
2141703,7797
2141961,152064
2142487,129794
2142714,42289
2143749,172886
2144390,57682
2144390,130565
2144547,195487
2145409,100433
2145603,53834
2145699,159944
2145942,69073
2146691,147916
2146907,65221
2146945,43036
2147404,12987
2147404,66282
2147519,2133
2147811,103910
2147941,114291
2147962,18598
2147992,80410
2148026,59504
2148037,75965
2148037,138901
2148039,9834
2148039,174825
2148039,194108
2148040,58875
2148165,130562
2148165,192368
2148281,10848
2148400,80716
2148608,26009
2148848,197791
2149158,22119
2150211,181591
2150224,193435
2151493,22440
2151493,27946
2151499,92590
2153014,22119
2153110,11958
2153283,21122
2153457,46222
2153998,10156
2154565,164828
2154596,151110
2154607,92749
2154630,168039
2154630,171375
2154663,18676
2154663,95223
2154663,179854
2155643,126140
2155689,126140
2156231,166041
2156364,42289
2156364,108211
2156478,191804
2157118,33207
2157273,179181
2157724,156642
2158286,44511
2159085,22440
2159258,182389
2159513,118222
2159587,102404
2160308,33207
2160428,192188
2160436,191464
2160769,503
2161122,198813
2161144,21640
2161615,164858
2162013,144177
2162109,95223
2162109,194984
2162762,194310
2162869,9145
2162869,92290
2162994,113660
2163340,108088
2163370,137429
2163581,28251
2164115,107372
2164174,44223
2164328,74074
2164624,69063
2164939,90752
2164942,188737
2164943,90752
2164944,14890
2165318,113541
2165318,122110
2165411,10156
2165624,83172
2165624,183982
2165627,112233
2165666,2031
2165721,49537
2165765,34025
2165832,75933
2165832,144086
2166642,16187
2167372,72989
2167372,164022
2167489,118222
2168103,9490
2168103,69807
2168109,31488
2168207,122017
2168282,194939
2168361,161422
2168402,95834
2168965,38516
2169199,80716
2169865,193878
2169876,166440
2169876,192515
2169876,194613
2170415,97616
2170555,14481
2170610,121975
2170643,179854
2171511,31488
2171511,68344
2171511,79126
2171589,184358
2171762,193878
2171907,140883
2171943,48453
2171943,101981
2172334,59488
2172541,151415
2172541,200484
2172808,153255
2172829,73151
2172947,102404
2172947,183982
2172947,193352
2173027,37368
2173296,202711
2173331,126140
2173343,31016
2173344,79376
2173361,191168
2173730,3039
2173730,67916
2174014,193875
2174318,26009
2174392,18342
2174453,122110
2174775,57020
2174775,109252
2174948,10985
2174948,61486
2175680,95643
2176083,168546
2176086,67690
2176174,50007
2176789,103550
2177244,198258
2177836,67263
2177836,107148
2177839,35593
2177839,112750
2177959,79376
2177983,79376
2177992,92435
2177992,191057
2178276,127806
2178807,60721
2178807,106225
2179017,150443
2179406,144125
2179939,30447
2179939,131138
2180060,77604
2180670,177486
2180670,183514
2180698,46201
2181096,14481
2181493,191464
2181690,14320
2181898,76836
2181907,19729
2181907,137429
2182213,23182
2182361,123280
2182361,165462
2182564,131138
2183016,23361
2183254,72133
2183622,104917
2183643,155703
2183675,65649
2183726,107372
2184999,82814
2185015,145869
2185038,191726
2185767,147444
2186706,198209
2187505,73332
2187739,162352
2187886,167005
2187957,64521
2187965,154840
2188028,122110
2188028,137701
2188028,149236
2188074,92590
2188117,193437
2188295,15497
2188332,33130
2188332,75747
2188440,181880
2188458,92590
2188547,159068
2188553,150121
2188633,67690
2188696,97617
2188708,51442
2188768,26009
2188768,57225
2188978,113151
2189533,158983
2189721,92290
2189833,120185
2189969,78115
2189969,78119
2190062,106535
2190062,174035
2190354,85040
2190371,139710
2190371,174485
2190603,88473
2190603,193352
2190734,106726
2190795,113921
2190803,132184
2190900,16040
2190982,104635
2191385,133449
2191428,54615
2191428,109252
2191929,826
2191997,18739
2192642,37632
2192642,60206
2192747,106018
2192782,85040
2192913,194691
2192973,107379
2192973,152798
2193169,155763
2193169,197345
2193264,201881
2193276,151742
2193388,26286
2193407,31488
2193422,92888
2193721,164814
2194143,48453
2194153,31488
2194168,180898
2194362,92687
2194362,162809
2194363,28018
2194471,59488
2194580,125899
2194791,33516
2195009,133449
2195233,61648
2195417,197931
2196039,23510
2196060,87525
2196068,107424
2196132,144086
2196454,160272
2196886,18598
2197021,54337
2197021,164404
2197407,179625
2199194,133615
2199218,104013
2199868,69308
2199969,177486
2200121,137429
2201125,173080
2201311,176211
2201727,78861
2201727,104635
2202537,174058
2202732,14324
2202732,36675
2202880,159171
2204067,170192
2204532,95729
2205117,24782
2205117,86636
2205227,33207
2205327,180620
2206238,10848
2206242,76638
2206516,31577
2206516,160215
2206541,30261
2206541,137776
2206656,21518
2206740,168130
2207203,68344
2207291,109252
2207384,123735
2207384,149683
2207954,151163
2208048,110975
2208084,4440
2208430,118529
2208474,192347
2208962,126070
2208962,174817
2209075,20505
2209075,97272
2209608,133615
2209821,73706
2209821,78934
2209821,92823
2209901,36081
2210137,173070
2210139,95645
2210196,155078
2210254,147444
2210356,3172
2210356,80454
2210519,22406
2210519,174200
2210617,120185
2210872,116209
2211077,60504
2211223,132793
2211282,15959
2211282,73842
2211282,154840
2211282,197247
2211336,67690
2211336,152798
2211395,145733
2211751,157095
2212209,14324
2212209,36675
2212660,149233
2212954,68093
2213122,69041
2213122,199366
2213622,129794
2213622,130634
2213622,165906
2213866,81755
2213866,183514
2214546,17398
2216031,110975
2216145,103550
2216176,90168
2216295,79855
2216295,137272
2216316,182389
2216640,39194
2217530,26286
2217530,177486
2217636,138228
2217636,156381
2217693,54254
2217718,149487
2217782,192615
2217888,124820
2218486,26009
2218524,5840
2219070,146853
2219442,73427
2219779,143677
2219779,193878
2219992,92888
2220554,43000
2221102,42380
2221102,107287
2222143,149024
2224890,40028
2225574,125575
2225605,24668
2225605,79126
2225624,168864
2226062,174292
2226103,150687
2227800,4996
2227800,186980
2228369,87963
2228704,78323
2228704,119873
2228754,92443
2229633,197863
2229656,65649
2230251,95642
2230732,9327
2230732,24370
2230871,197391
2230917,121751
2231247,10156
2231307,142900
2231336,81254
2231697,9819
2231855,164814
2231882,8225
2231896,37632
2231909,89824
2231909,95223
2232226,173080
2232255,197931
2232299,35593
2232552,170258
2232980,82065
2233001,8225
2233552,33207
2233759,101927
2233885,152798
2234951,139122
2235378,22440
2235600,58289
2236433,90370
2236640,122110
2236640,138278
2236888,51356
2236888,92810
2237013,162604
2237801,12573
2238427,168128
2238427,179540
2238483,101981
2238595,161895
2239654,182144
2239941,78119
2239941,89824
2239941,174033
2239941,174035
2240178,33857
2240406,12987
2240516,33857
2240566,81755
2240566,95223
2240566,152798
2240566,183514
2240849,154840
2240934,94611
2240936,160106
2241542,34677
2241805,105408
2242954,148274
2242954,192479
2243968,54812
2243968,130634
2244080,101927
2244080,181217
2244271,37368
2244488,146180
2244550,99271
2245091,46999
2245091,92443
2245138,125797
2246169,80771
2246675,177358
2247345,14722
2247345,168886
2247366,194108
2247594,172599
2247594,200332
2247913,6184
2248232,73706
2248232,78934
2248438,135081
2248473,162132
2248574,66456
2248580,146180
2249442,168083
2250014,59281
2250495,161422
2250593,62980
2250599,33857
2251093,201990
2251197,49283
2251241,97865
2251547,81755
2251547,183514
2251761,58541
2251833,154791
2251833,155535
2252075,26612
2252158,21592
2252158,182391
2252485,191675
2252917,23160
2252917,190423
2253153,73469
2253332,193352
2253441,734
2253567,111847
2254216,17097
2254219,132598
2254327,120949
2255035,2135
2255035,165181
2255064,32896
2255064,160245
2255408,134028
2256004,168083
2256004,193878
2256605,53163
2257031,73706
2257031,78934
2257033,56229
2257129,21040
2257265,72989
2257381,113151
2257901,36693
2257904,180174
2257905,23361
2257906,64898
2258068,21271
2258079,77485
2258163,91135
2258163,132109
2258248,68821
2258328,118222
2258588,173056
2258957,163927
2258958,160695
2259483,109600
2259483,130037
2259508,103792
2259556,67780
2259556,95223
2261350,192799
2261353,73151
2261929,40444
2261929,66261
2262428,27763
2262464,165691
2262957,106535
2263106,198178
2263331,58541
2263670,168493
2263826,57042
2263826,165466
2264538,156766
2264592,161497
2264815,66300
2265148,86399
2265188,80716
2265452,135997
2265563,149054
2265771,141451
2266198,26612
2266555,76086
2266555,109614
2266574,123208
2266575,167318
2266691,77262
2266691,84701
2266691,107130
2267111,22481
2267111,173056
2267114,199091
2267116,123786
2267118,149236
2267120,42053
2267121,42053
2267434,33516
2267434,55042
2267673,70020
2267777,89817
2267780,131859
2267780,169969
2267781,2303
2268063,53987
2268776,80472
2268776,168265
2269410,34560
2269426,34560
2269444,194845
2270182,10985
2270182,18052
2270749,48293
2270749,100625
2271178,132386
2271822,78861
2271870,75148
2272308,95208
2272532,133163
2272532,155673
2273044,76836
2273044,106190
2273048,66261
2273048,108309
2273174,59045
2273896,99723
2274575,67690
2274575,129794
2274590,113660
2274790,90933
2274852,7728
2274949,172653
2275139,155703
2275181,162404
2275543,14895
2275635,56934
2275709,1946
2276353,89824
2276841,180174
2276914,32562
2277334,54734
2277334,54736
2277505,56229
2277505,73706
2277505,78934
2277506,59550
2277506,165004
2278340,70043
2278576,149211
2278585,34560
2279852,51442
2279852,140883
2280097,182389
2280098,48371
2280101,79191
2280125,107410
2280126,17240
2280376,136003
2280997,120185
2281105,17692
2281105,73469
2281160,112750
2281612,37020
2281612,63256
2282360,69308
2285092,13140
2285138,129827
2285139,149930
2285647,92590
2285997,3172
2286681,106018
2287637,21279
2288084,126140
2288257,183579
2288625,162891
2288828,89817
2288828,108620
2288908,158342
2288969,112672
2289039,106018
2289215,125899
2289279,167366
2289279,196250
2289300,122110
2290129,22440
2290129,107410
2290129,177486
2290129,192601
2290136,17692
2290136,66261
2290136,76836
2290136,85540
2290136,87129
2290316,98715
2290489,174035
2290562,75403
2290793,73706
2290793,78934
2291501,109614
2291501,149487
2291903,54300
2291994,43107
2292109,81284
2292470,140462
2292610,69041
2292773,11741
2292773,123900
2292920,31488
2293200,32671
2293200,172365
2293416,182389
2293483,149480
2293500,76031
2293587,124743
2293587,201881
2293915,14337
2294497,14481
2294518,131859
2294990,31393
2295106,185807
2295575,3039
2295575,118222
2296145,126686
2296438,142042
2296438,162673
2296667,64454
2296667,89817
2296892,96271
2296987,193437
2297049,164505
2297404,183982
2297836,19729
2297836,41179
2298189,144034
2298460,46606
2298603,59504
2298717,118154
2298804,147444
2299047,120185
2299492,37632
2299646,196902
2299999,62628
2300104,21457
2300162,120957
2300333,37632
2300351,79768
2300354,118222
2300354,124044
2300450,24857
2300450,24859
2301689,153225
2301689,196826
2301991,36052
2301991,113921
2302051,68957
2302418,192918
2302526,172886
2302661,72084
2303621,79191
2303953,49135
2304264,156293
2304264,161786
2304330,31488
2305025,26286
2305197,89824
2305197,180174
2305466,151742
2305587,80716
2305931,772
2305931,119873
2305974,152798
2305976,20018
2306194,185807
2306197,122502
2306197,170343
2306197,201462
2306201,108309
2307015,48128
2307071,64073
2307228,35502
2307228,73077
2307246,3172
2307246,73469
2307247,192479
2307247,201990
2307248,194845
2307248,201990
2307289,8074
2307289,55701
2307289,95645
2307534,13599
2307534,173395
2307985,15923
2307985,172728
2308229,177358
2308305,70847
2308476,26014
2308476,126070
2308720,16040
2308725,127477
2308730,20862
2308758,122331
2308889,127578
2308916,56302
2309076,64454
2309334,92443
2309427,57064
2309427,181880
2309617,201881
2310074,191804
2310119,133615
2310119,199091
2310159,62980
2310222,47702
2310236,26612
2310265,183930
2310722,55042
2310724,92687
2310851,23146
2310980,31393
2311879,132735
2311916,111026
2312022,155703
2312345,78254
2312819,54254
2312852,68821
2312897,151711
2313047,61647
2313093,123053
2313464,76836
2313519,125714
2313912,85540
2313912,162404
2314869,202382
2315269,157457
2316009,59682
2316029,39097
2316029,108811
2316046,162405
2316049,174033
2316115,10156
2316742,109614
2316800,142829
2316800,170365
2316801,165691
2318736,41830
2319753,36941
2319753,73446
2319753,182026
2320925,154782
2321221,116701
2321221,187611
2321373,80415
2321444,4240
2321525,113913
2321525,128283
2321649,29696
2321649,49491
2322051,76775
2322051,80415
2322051,126692
2322051,180897
2323351,113191
2324074,175317
2324123,89817
2324198,37462
2324198,37903
2324383,113660
2325153,76836
2325529,155763
2325529,174035
2325529,183982
2325646,190381
2325897,89817
2325936,56961
2325949,14895
2326309,22119
2327740,109252
2327746,109252
2327747,109252
2327816,100753
2328405,85040
2328488,174033
2328488,174035
2328882,58875
2329335,191168
2329715,1946
2330057,59682
2330470,69308
2332489,151742
2333344,101921
2333494,172886
2333527,2303
2334512,73469
2334512,82270
2334625,3039
2334625,113660
2334876,100407
2335038,28158
2335264,72224
2335264,132627
2335400,91758
2335431,193435
2335622,18052
2336864,171069
2337754,107379
2338199,55701
2338375,28018
2338484,191464
2338685,166041
2338707,153255
2338708,17398
2338708,153854
2338708,186952
2338711,13811
2338714,81609
2338941,64521
2338963,61648
2339096,73332
2339103,93558
2339111,79319
2339246,88568
2339347,81113
2339347,116783
2339477,31488
2339491,166444
2340287,49262
2341003,154685
2341046,103126
2341100,190424
2341160,68093
2341171,118222
2341509,69711
2341509,114884
2342997,90880
2344403,175317
2344573,174825
2344675,51442
2344675,140883
2345354,66261
2345354,76836
2345742,111555
2346707,111591
2346713,129584
2346939,114291
2348226,37462
2349123,56302
2349163,85672
2349269,23182
2349269,57064
2349430,90714
2349784,193068
2350234,54578
2350339,140462
2350378,31488
2350992,46201
2351245,73076
2351245,73077
2351246,28158
2351246,78119
2351246,137701
2351693,21279
2351693,89824
2351717,80716
2351845,317
2351885,175083
2351904,60006
2351925,192601
2352948,34677
2352948,122110
2353641,104960
2353781,197500
2353895,185797
2353900,70014
2354011,190034
2354219,90017
2354219,155980
2354226,22440
2354226,90017
2354226,155715
2354247,106018
2354271,21173
2354271,72989
2354392,150443
2354396,118768
2354438,22440
2354464,102404
2354464,129884
2354674,170258
2354792,197130
2354959,58875
2354959,81755
2354959,108309
2355275,57249
2355276,4243
2355303,114424
2355555,180898
2355625,75206
2355625,180380
2355661,104181
2355719,121848
2355904,189653
2356134,16079
2356224,81749
2356224,179854
2356287,14324
2356460,89385
2356755,137429
2357080,154840
2357240,197791
2357424,56302
2357437,36675
2357676,162675
2357807,151731
2357807,164022
2357857,73076
2357857,73077
2358317,37632
2358980,125142
2359014,1191
2359014,124793
2359014,149962
2359014,155714
2359470,183731
2359505,137811
2359625,91928
2360108,35502
2360397,54761
2360397,113173
2360614,19630
2360614,78509
2360660,169969
2360660,170365
2360675,162405
2360702,118222
2360833,99597
2360833,100119
2360833,115246
2360833,116731
2360852,110975
2360910,46156
2360973,168493
2361193,67431
2361193,130011
2361211,155715
2361281,121751
2361284,66367
2361450,67916
2361456,63341
2361456,130942
2361575,20018
2361748,78861
2361778,67238
2361784,192188
2361785,92687
2362113,179236
2362207,125575
2362428,40229
2363015,108088
2363269,197500
2363270,64798
2363738,28158
2363756,56302
2364254,129794
2364486,168546
2364498,188568
2364887,65491
2364949,12987
2365078,37368
2365142,89824
2365297,23510
2365518,15959
2365633,114424
2365831,118612
2365844,101918
2365844,104218
2365920,24465
2365920,95645
2366246,23510
2366248,132109
2366368,58875
2366403,198813
2366408,34025
2366980,106018
2367023,110151
2367832,73706
2367832,78934
2367921,5840
2367921,152064
2367930,121751
2369177,21798
2369317,164210
2369519,41611
2369519,83171
2369623,164710
2370089,113660
2370348,95836
2370423,159925
2370472,86301
2370704,182389
2370742,131464
2370772,54761
2371052,103550
2371246,104635
2371502,48359
2371509,15346
2371509,116846
2371509,164797
2371602,167366
2371603,14481
2371610,14481
2371611,81755
2371611,155290
2371648,194845
2371651,14481
2371654,14481
2371692,148439
2371705,47209
2371726,31488
2371726,32461
2371726,79376
2371726,108620
2371726,108645
2371778,24427
2371778,170478
2371786,32461
2371786,79376
2371786,108620
2371786,108645
2371787,11472
2371787,32461
2371787,48788
2371787,108620
2371787,108645
2372012,126140
2372068,20862
2372068,49262
2372234,156249
2372328,20264
2372407,66261
2372407,155863
2373106,14481
2373212,21638
2373212,79379
2373221,149287
2373241,161497
2373256,64454
2373434,106190
2373470,79376
2373573,156069
2373941,183514
2374542,80415
2374584,49262
2374584,122110
2374677,2335
2374686,20018
2375093,161296
2375659,151629
2375749,41611
2375846,35593
2375846,59550
2375950,91946
2376295,88884
2376870,26061
2376870,170192
2377049,98799
2377049,198156
2377127,86263
2377127,107424
2377173,130737
2377282,201881
2377877,568
2377877,6671
2377877,79834
2377877,149683
2377877,167366
2378398,16040
2378535,20582
2378535,59045
2378594,23182
2378594,76836
2378750,92053
2378750,108727
2378750,157094
2378853,33857
2379184,56229
2379192,78115
2379192,78119
2380109,804
2380932,92435
2380949,72470
2380982,81113
2380982,173252
2381332,56045
2381528,140395
2381959,65052
2382368,22119
2382687,167477
2383252,162405
2383280,33919
2383305,26612
2383305,191549
2383350,5997
2383350,58278
2383956,66261
2384304,178113
2384418,35838
2384520,9145
2384520,51351
2384532,189100
2384535,189100
2384536,167057
2384735,26286
2385207,35024
2385744,113151
2385772,144125
2386139,73332
2386293,202382
2387087,20126
2387903,126889
2388125,104181
2388316,110547
2388316,124044
2388445,115170
2388540,122110
2388613,122842
2388702,18065
2388790,23510
2388990,184625
2389414,181191
2389414,183938
2390303,56949
2390631,3054
2390996,67916
2391515,93413
2392001,178840
2392533,53086
2392533,172974
2393241,88792
2393241,90017
2393853,108263
2393856,121839
2393876,18975
2393957,27763
2394155,20264
2394155,73151
2394206,162502
2394293,31488
2394728,176907
2395044,89126
2395255,177486
2395953,125575
2396028,49283
2396330,140819
2396366,79467
2396390,79120
2397128,154840
2397128,165906
2397663,5561
2397781,129923
2398900,67411
2398900,120185
2398900,177486
2398907,122815
2398907,198813
2398908,67411
2398908,177486
2400037,161296
2400056,29128
2400056,32907
2400921,4702
2401353,120473
2401441,168493
2401724,145869
2401724,185807
2401750,23510
2401750,47193
2401750,66261
2401750,74736
2401814,113660
2402234,6654
2402234,176342
2402836,184409
2402907,170192
2403659,192188
2403807,73077
2403883,31488
2404002,151260
2404248,75206
2404464,198813
2404844,182571
2405097,185071
2405559,23055
2405559,181217
2405780,103910
2405818,192188
2405835,23510
2405835,67263
2405835,146964
2405835,170192
2405972,82523
2406080,3039
2406080,122017
2406092,106931
2406259,19729
2406259,113660
2406308,12104
2406458,11472
2406464,16819
2406475,41556
2406479,189820
2406492,67141
2406749,92443
2406808,162891
2406910,118750
2406910,143977
2407102,198228
2407115,151531
2407308,80048
2407502,103550
2407577,22481
2408078,112233
2408096,162809
2408133,110469
2408166,42248
2408167,21040
2408389,772
2408482,82814
2408762,5997
2408977,17815
2409051,100753
2409070,95836
2409105,3760
2409105,122815
2409402,7728
2409655,37653
2409655,198597
2409708,69063
2409717,145865
2409717,181210
2409764,150443
2409764,189733
2409949,108330
2410182,12050
2410182,106480
2410273,2031
2410273,195060
2410338,79083
2410484,173080
2410667,35286
2410686,7919
2410691,92812
2410691,170213
2410916,80585
2410977,37045
2411034,46222
2411215,144086
2411361,35502
2411492,80716
2411762,168083
2411839,112233
2412295,2303
2412397,147859
2412502,106535
2412514,50731
2412518,13170
2412518,54480
2412620,106190
2412638,157503
2412638,161497
2412676,41370
2412686,34063
2412686,34065
2412686,35848
2412740,150846
2412859,132842
2412879,11628
2412918,140395
2412945,96211
2413158,162404
2413168,182389
2413457,85286
2413457,95902
2413457,119873
2413536,118494
2413799,128333
2413799,177805
2413948,79043
2414050,120188
2414050,120189
2414153,67516
2414225,57737
2414400,195394
2414419,26014
2414419,74736
2414571,81755
2414595,137429
2414595,149268
2414767,44393
2414877,59488
2415240,92590
2415427,177358
2415482,180174
2415512,4595
2415560,127996
2415560,134362
2415703,3039
2415723,34997
2415723,195521
2415946,28251
2415946,95366
2415946,129925
2415964,179540
2415971,37368
2416139,104519
2416139,201952
2416319,161422
2416380,56687
2416410,162604
2416504,17240
2416982,192542
2417002,26014
2417211,52917
2417216,193878
2417640,52917
2417640,74736
2418230,192188
2418253,83309
2418326,192188
2418525,48482
2418525,156786
2418557,59901
2418557,65565
2418562,183624
2418704,192479
2418726,166677
2419706,32671
2419797,30447
2419930,144244
2419964,21279
2420111,22481
2420229,199058
2420761,89817
2420795,162891
2421052,73151
2421210,192188
2421254,172399
2421550,85040
2421643,31488
2421720,196902
2421914,170192
2422396,183982
2422513,59504
2422712,170448
2422818,74645
2422979,28640
2422996,79834
2422996,170365
2423002,95645
2423002,149683
2423004,34677
2423004,170192
2423044,5561
2423061,68558
2423072,104671
2423104,37462
2423139,137272
2423315,166687
2423437,129827
2423557,143977
2424023,92443
2424038,23182
2424563,151163
2424628,116902
2424777,159944
2425159,127160
2425160,64195
2425205,17398
2425222,202092
2425640,1946
2425835,149930
2425880,42248
2425936,192479
2425966,28251
2426074,154840
2426074,189820
2426553,108727
2426757,103581
2426757,107379
2427282,5840
2427282,117927
2427355,21036
2427355,83172
2427591,196902
2428475,183514
2428555,82272
2428555,191168
2428578,108088
2428775,33857
2428934,37462
2429043,70086
2429253,146180
2429270,135651
2429271,101981
2429381,22143
2429382,22143
2429382,22205
2429495,127477
2429506,114291
2429962,125714
2429962,129794
2430234,63279
2430234,108088
2430236,103204
2430236,131859
2430236,148439
2430482,195618
2430658,174035
2430810,154143
2430959,113191
2431294,168493
2431294,191057
2431451,18724
2431691,92749
2431715,58137
2432016,19373
2432016,106892
2432049,100433
2432285,186994
2432392,81726
2432424,175317
2432757,174033
2432757,174035
2433039,17398
2433086,191464
2433193,190332
2433314,129794
2433445,15497
2433450,15497
2433612,195131
2433613,159944
2433626,11472
2433700,37567
2433734,18975
2433734,191624
2434036,27007
2434412,95902
2434412,119873
2434561,69041
2434664,164710
2434795,21638
2434795,56302
2434795,67228
2434795,79834
2434795,132109
2434795,189820
2434818,59488
2434818,124820
2434846,106931
2434846,123735
2434846,137429
2434873,80048
2434963,79376
2435197,76037
2435394,27837
2435394,159116
2435509,191706
2435520,159944
2435620,22606
2435620,151147
2435625,73332
2435697,41394
2435713,161534
2435881,23510
2435972,172399
2435974,18414
2435974,22481
2435974,108309
2435974,122815
2435997,92687
2436084,174058
2436288,140883
2437007,118982
2437039,33516
2437062,26014
2437170,137157
2437277,151163
2437277,202092
2437299,111847
2437299,113660
2437299,202092
2437300,60206
2437300,111847
2437300,127477
2437320,185983
2437321,51794
2437321,72809
2437321,157581
2437383,30447
2437434,3090
2437452,74736
2437630,193068
2437728,198694
2437803,14481
2437961,24163
2437988,89817
2437988,172515
2438101,107924
2438147,133615
2438272,168546
2438279,104635
2438279,133449
2438541,131138
2438541,151498
2438568,193435
2438716,79579
2438760,21173
2438760,119873
2438765,92443
2438827,197391
2438866,174463
2438986,192918
2439001,68693
2439154,11958
2439306,58875
2439451,7728
2439616,57064
2439860,135651
2440155,106190
2440247,165828
2440300,192188
2440730,99597
2440732,191864
2440733,89817
2441467,79319
2441476,95645
2441476,133122
2441559,19616
2441957,174566
2442181,3172
2442181,35502
2442666,36675
2442666,41076
2442666,154840
2442759,142047
2442836,43003
2443071,114424
2443099,16079
2443201,40444
2443201,66261
2443214,131859
2443380,92500
2443403,145134
2443509,189820
2443509,198813
2443522,55701
2443522,175357
2443624,152798
2443655,3039
2443779,172886
2443864,144924
2443864,162404
2443864,183514
2444103,51442
2444128,23182
2444223,137157
2444273,68093
2444351,37462
2444539,114220
2444638,183797
2444642,33207
2444704,66300
2444704,155703
2444704,156786
2444722,54736
2445189,92687
2445248,82738
2445287,80458
2445390,131859
2445390,156786
2445390,163816
2445527,33207
2445594,3576
2445594,63785
2445757,123786
2445757,172166
2445763,78861
2445832,18065
2445832,51351
2445853,184473
2446143,46201
2446143,193308
2446151,80192
2446203,81749
2446248,167318
2446368,772
2446368,27334
2446369,48359
2446421,150443
2446494,8074
2446494,127030
2446494,169969
2446501,8074
2446501,62579
2446501,98729
2446644,57737
2446778,30447
2446782,80716
2446782,150687
2446984,174058
2447022,173951
2447027,33207
2447082,108727
2447114,64195
2447114,140301
2447163,168546
2447164,26154
2447164,127711
2447248,106190
2447823,65052
2447864,42792
2448078,124820
2448577,123868
2448585,72267
2448585,143201
2448629,88568
2448629,201540
2448671,37903
2448908,132418
2449148,17900
2449148,26014
2449330,53163
2449498,162891
2449525,74614
2449530,48916
2449729,108260
2449747,79834
2449747,162404
2450038,12104
2450038,21798
2450051,22800
2450102,46201
2450394,137157
2450589,130360
2450945,82811
2451008,108330
2451328,56961
2451386,36487
2451456,16024
2451832,78323
2451897,107131
2451910,2303
2451910,180174
2451959,129925
2452304,57062
2452304,79126
2452580,107372
2452617,66300
2452719,199366
2452768,12987
2452910,52316
2452910,94472
2452938,120942
2452938,167677
2452983,198258
2453256,10848
2453256,145134
2453333,89817
2453494,26009
2453747,130037
2453777,104194
2453777,111598
2454098,37467
2454098,181755
2454234,5561
2454636,193435
2455724,151669
2456019,90714
2456019,145134
2456020,174577
2456021,182389
2456181,106892
2456218,64454
2456265,195060
2456292,109600
2456555,157139
2456557,123786
2456585,107131
2456586,144995
2456586,167057
2456637,193435
2456741,42482
2456944,16384
2457168,33919
2457188,131859
2457234,31025
2457384,196313
2457395,170478
2457441,128283
2457464,173056
2458438,191804
2458457,17692
2458457,106190
2458634,151731
2458858,148439
2458984,194390
2459227,33207
2459369,74614
2459443,16340
2459538,26009
2459856,67263
2459965,131859
2460382,28018
2460383,37320
2460383,129827
2460384,48359
2460402,54812
2460404,67238
2460406,25449
2460410,28018
2460419,85040
2460422,69063
2460432,108088
2460492,180174
2461007,158341
2461007,196313
2461085,69063
2461085,177486
2461086,85040
2461096,37814
2461289,80454
2461289,106018
2461385,163927
2461485,191057
2461549,149864
2461598,73077
2461620,17537
2461620,80415
2461621,20264
2461650,55042
2462106,804
2462112,80716
2462153,155290
2462177,34024
2462177,115307
2462304,163478
2462408,17536
2462515,193301
2462595,42289
2462958,198345
2462959,201990
2463037,5561
2463128,20121
2463129,57064
2463153,92443
2463462,162405
2463620,202091
2463620,202092
2463622,201881
2463624,9145
2463946,91946
2463959,34024
2464197,22119
2464545,68821
2464635,15497
2464684,69852
2464699,193435
2464777,18649
2464777,67913
2464777,92677
2464777,191321
2464994,123799
2465091,201881
2465142,159079
2465145,65052
2465208,73706
2465208,78934
2465224,181212
2465320,4643
2465321,156293
2465773,21036
2465773,80454
2465773,124177
2465893,155703
2465999,154840
2465999,167005
2466152,179854
2466194,52917
2466194,56447
2466403,58875
2466489,162405
2466584,2303
2466584,149236
2466643,22440
2466643,27946
2466743,39097
2466743,143399
2466743,191418
2466782,176342
2466916,86663
2467141,69018
2467141,199041
2467591,81749
2467591,140883
2467606,79191
2467993,155604
2468093,22481
2468205,86663
2468209,97617
2468266,20018
2468270,33697
2468555,19729
2468555,156293
2468663,1178
2468663,11333
2468663,123053
2469053,57215
2469075,201990
2469104,103550
2469496,155715
2469602,149287
2469602,165466
2469755,11628
2469815,26009
2469819,193308
2470056,66300
2470130,126140
2470287,82059
2470444,106190
2470444,120617
2470520,161497
2470557,127806
2470575,129894
2470769,132109
2470910,92677
2470910,111847
2471102,55042
2471175,168658
2471217,20018
2471265,43165
2471265,182571
2472087,197791
2472244,92435
2472260,54578
2472292,113151
2472391,28640
2472393,57064
2472393,169969
2472465,95902
2472465,119873
2472467,92290
2472800,145733
2472807,804
2473007,21279
2473007,62628
2473215,54254
2473215,60206
2473215,154840
2473215,156293
2473215,174566
2473304,142557
2473585,104635
2473638,21036
2473638,83172
2473798,27555
2473798,78485
2473798,123799
2473798,172035
2473917,73151
2474020,58875
2474065,162404
2474100,33697
2474705,23065
2474705,150856
2474742,108260
2474783,79774
2474888,192479
2474888,192602
2474888,198813
2475103,14324
2475103,15290
2475166,149233
2475195,170192
2475387,21122
2475423,17692
2475680,199113
2475682,131859
2475939,78119
2475939,201990
2476119,65649
2476201,89196
2476201,89381
2476233,127806
2476335,112750
2476415,19076
2476422,1946
2476484,107924
2476743,138813
2476750,161422
2477259,15959
2477403,15326
2477403,80716
2477524,21457
2477524,137157
2477525,9739
2477653,58875
2477732,37903
2477894,108260
2477986,22893
2478017,157095
2478105,163249
2478286,155716
2478414,118222
2479024,164210
2479029,124044
2479085,65850
2479085,113921
2479134,4234
2479393,63423
2479418,21279
2479418,57695
2479771,118529
2480294,151163
2480499,184625
2480572,80048
2480579,62734
2480579,91135
2480764,64073
2480764,113533
2480924,67313
2481073,65649
2481424,37368
2481584,63423
2481636,80004
2481665,151163
2482169,13254
2482169,103550
2482282,177244
2482834,13186
2482876,114424
2482887,110547
2482925,79126
2482984,568
2482984,55999
2483077,187397
2483187,39519
2483470,85286
2483470,95902
2483519,167020
2483674,72989
2483838,69041
2483838,108302
2483957,127477
2484054,179540
2484082,162604
2484104,62816
2484656,66261
2484852,161534
2484853,85672
2484924,41612
2485001,10767
2485008,92822
2485013,88473
2485013,95029
2485013,193352
2485015,148439
2485041,70043
2485156,72249
2485163,167655
2485237,151711
2485256,7131
2485256,20558
2485256,197391
2485257,198813
2485327,72989
2485393,106190
2485547,137429
2485547,160106
2485547,186973
2485620,95645
2485682,5823
2485682,56638
2485831,161672
2485971,37320
2486246,97616
2486246,97617
2486283,72500
2486285,163613
2486286,117875
2486655,73687
2486817,113657
2487055,161296
2487095,59731
2487210,110701
2487295,154880
2487366,4702
2487366,170343
2487415,164814
2487653,182674
2487726,76638
2487884,67913
2488034,35825
2488227,64971
2488227,111053
2488227,127477
2488227,164204
2488375,146542
2488990,69041
2488990,137429
2489145,136003
2489362,7728
2489534,34677
2489534,66310
2489627,59045
2489677,38113
2490074,92677
2490074,109614
2490779,21638
2490779,28020
2490945,129923
2490998,76536
2490998,101544
2490998,140288
2491016,191205
2491020,11676
2491068,47402
2491349,105093
2491493,24163
2491565,164814
2491802,73682
2491830,105093
2492491,105093
2492509,34677
2492644,132084
2492725,107372
2492771,14699
2493094,5561
2493184,184944
2493193,180898
2493239,159068
2493444,165427
2493503,92687
2493709,71310
2493775,92822
2493900,28158
2494140,33207
2494739,182389
2494787,62706
2494814,113518
2494890,57972
2494910,181470
2494924,4702
2495198,171665
2495779,131859
2495820,150266
2496353,69063
2496767,93648
2496783,69041
2496840,174033
2497211,167005
2497303,113660
2497412,101512
2497499,55042
2497612,82861
2498040,14739
2498143,15497
2498143,164286
2498578,78554
2498766,197513
2499368,70782
2499488,100114
2499704,149487
2499854,34334
2499970,164814
2500022,28020
2500735,183524
2500886,81321
2500912,193435
2501253,166966
2501343,199557
2502098,23629
2502334,174432
2502501,91464
2503087,47673
2503342,94843
2503584,92435
2503810,149287
2503810,165466
2503827,106018
2504015,180740
2504449,13740
2504449,170478
2504449,183524
2504464,107131
2504469,23510
2504469,26061
2504469,74736
2504794,18598
2504995,172399
2505066,182389
2505110,33516
2505183,161786
2505263,174058
2505515,181372
2505595,124044
2506826,158983
2507383,184409
2507620,101981
2507690,64454
2507787,59488
2508020,155763
2508020,168130
2508020,185807
2508085,9145
2508103,92888
2508265,5997
2508265,58278
2509455,102404
2509455,193352
2509481,73332
2509643,201881
2509799,159068
2509841,78119
2509841,84229
2509841,130565
2510141,79901
2510661,107924
2510683,146281
2510683,185807
2511051,168083
2511131,39097
2511131,127477
2511131,174058
2511131,190142
2511307,54734
2512048,67516
2512048,185650
2512050,17215
2512050,159307
2512050,185650
2512132,106018
2512542,26286
2513057,76387
2513082,157974
2513237,79319
2513519,67141
2514865,157387
2514980,59281
2515489,196313
2515573,132853
2516147,107379
2516166,67263
2516166,131859
2516358,91189
2516406,85541
2517067,192918
2517305,76813
2517305,157387
2517391,180749
2517414,104278
2517415,197597
2517416,197597
2517491,193491
2518391,37368
2518451,23510
2518451,26061
2518451,66261
2518451,74736
2518541,183982
2518541,191057
2518736,66659
2518905,88778
2520062,102654
2520062,172886
2520326,65072
2520706,151711
2520706,164204
2520712,48469
2520896,59504
2521170,178840
2521652,7728
2521851,106535
2521986,183964
2522004,177244
2522027,135997
2522182,47056
2522182,73602
2522182,116846
2522318,89817
2522447,170192
2522562,101981
2522618,104013
2522651,87878
2522674,136274
2522758,68821
2522948,70086
2522957,14836
2523180,168864
2524414,36675
2524414,132120
2524549,191168
2524640,149233
2524696,87286
2525819,132735
2525874,29196
2527825,7479
2528355,11147
2528355,103698
2528406,11955
2529538,128729
2531186,3554
2531311,11827
2531457,21638
2531457,55701
2531457,79834
2531457,189820
2531460,183982
2531488,170258
2531770,17240
2532030,29637
2532198,166439
2532812,83340
2533425,12479
2533425,31393
2533451,37368
2533461,105816
2533461,111904
2533461,183014
2533625,190424
2533992,49262
2533997,145869
2534991,32671
2536738,77604
2536738,136274
2536827,129923
2537109,71966
2537149,35502
2537704,28640
2537710,95729
2537710,136003
2537793,21271
2537793,115170
2538575,120174
2539567,78119
2540772,109252
2540794,192602
2541368,9327
2541694,11741
2542489,57064
2542878,109614
2544143,57070
2544156,133025
2544531,182389
2544594,102403
2545159,107287
2545380,106535
2545754,197391
2547352,72652
2547353,192602
2547971,192601
2548449,95729
2548449,164204
2548478,170365
2550559,21638
2550559,183982
2550858,144063
2550858,155290
2551701,145733
2551701,161116
2551718,17815
2553800,106018
2554203,17515
2554361,31488
2554662,175317
2554699,197500
2554996,64454
2554996,139122
2555100,104181
2555555,59682
2556055,55994
2556271,176828
2556792,198933
2557229,167655
2558123,149233
2558138,20018
2558441,26286
2558443,26286
2559217,57215
2559249,7728
2559249,187304
2559529,155863
2559855,30485
2560159,102404
2560159,191617
2560159,192479
2560564,191205
2560598,191804
2560616,136274
2561165,99386
2561419,113103
2561516,173252
2561802,21122
2562193,33857
2562411,21036
2562411,81749
2562421,185807
2562422,108727
2562503,132084
2562822,162404
2562929,113660
2563410,124044
2563451,181840
2563697,71317
2563736,155290
2564194,103550
2564560,167020
2564828,62971
2564828,72120
2564828,98780
2564828,153453
2564953,37632
2565487,89495
2565814,69063
2565851,37462
2565873,37632
2565873,37636
2565873,102403
2565985,24712
2566203,68821
2566262,116846
2566626,20121
2566895,151742
2566918,149287
2566918,165466
2567049,12573
2567099,73151
2567258,104960
2567467,162404
2567890,133615
2567937,69073
2567991,83753
2568399,151742
2568931,124044
2569037,178840
2569556,22440
2569556,137701
2569583,41076
2569814,167876
2569938,110975
2570013,122017
2570133,20264
2570785,73706
2570785,78934
2570785,79429
2570825,161385
2571171,111847
2571296,41113
2571358,81989
2571358,166439
2571413,156766
2572280,173326
2572301,89817
2572478,73627
2572635,34230
2572655,56358
2572675,122110
2572978,175317
2573045,84350
2573045,100114
2573045,168493
2573168,131859
2573677,133615
2574016,88473
2574613,3039
2574729,133333
2574730,191205
2574824,51085
2574824,73469
2575313,133615
2576718,177486
2576852,146922
2577075,106535
2577314,155716
2577314,174817
2577314,198813
2577428,129827
2578162,43005
2578162,155236
2578330,31526
2578392,199529
2579662,77063
2579662,101395
2579662,101521
2579662,187311
2579702,48145
2580276,147444
2580619,16403
2581228,201659
2581428,172886
2581836,110718
2582703,75747
2582995,129729
2582995,164814
2583382,113660
2583601,79834
2583633,81589
2583695,80048
2583701,68821
2583966,106018
2584115,59682
2584311,143677
2585064,131680
2585507,98715
2586057,69574
2586756,143469
2587077,85663
2587740,54761
2587786,181822
2587976,79467
2590181,23947
2591814,159944
2592334,26286
2592963,33067
2592963,102162
2593112,90866
2593313,158983
